target_body_name,r1_total_corrected_x_km,r1_total_corrected_y_km,r1_total_corrected_z_km,r2_total_corrected_x_km,r2_total_corrected_y_km,r2_total_corrected_z_km
0.00279529463612811,0.005663380818482182,0.003556124396525165,-0.00017750209690077843,0.0010066653514338147,-0.014192855947347637,-0.022799680836754672
-0.009648389785419572,0.027844585749491384,-0.008673213482074076,-0.003004099687278298,-0.009426229033467681,-0.04067406883021016,0.030232473296178206
-0.013877034281692874,0.032563650091888115,-0.011663374662992559,-0.03744795754543028,0.00501739802501991,-0.008855695625732338,0.03242648602540574
0.004463291726845689,-0.03550861826905665,-0.023648354665159486,-0.03916676101829304,-0.015452806525352492,-0.02542531719469211,-0.035513078933050356
0.0006954527435309183,-0.03528040597896788,-0.00522470725776608,0.003012265520537056,-0.01028821153597289,-0.007713950878932996,-0.02546762818031892
0.0007360967717541876,0.1792638972858062,0.027705315830353777,0.008055042089222272,0.025784925266508094,0.04058306718261389,-0.0030393073350594452
0.0013282456615059462,0.08725620353073067,0.025290380539553715,0.02236385796461437,0.03248090143561421,0.093099985697192,0.00684986821398062
0.003979168911390262,-0.02234449737026167,0.026457461200526777,0.02417791008816732,0.015943378030281778,0.04405644951813303,0.02950700134177882
0.00014202640599433457,-0.035049893122343016,-0.005783960297601569,0.003217690343548508,-0.009657871696144491,-0.008820443642808207,-0.024482234013270984
0.0032939687056513754,-0.06341533532120891,-0.00042588110904959083,-0.008895867680734118,-0.026474616944209595,-0.005115584348869191,-0.03559007383292156
0.003056026910850664,-0.03408312286338319,-0.023275211943230473,-0.03986920426062379,-0.015588542550698609,-0.024703876383234843,-0.03476163260442673
0.0030526957078393004,-0.033112613074474134,-0.0038440969580239123,0.0048023550740593415,-0.008057850329017045,-0.006944168880886147,-0.025197531669164
0.0019723977577627495,-0.03953256233728671,-0.007377827690300552,0.0031794164888237922,-0.011491109808219527,-0.009120406546671327,-0.02918470422283932
0.00588069610244918,-0.034340411739865385,-0.0018413285851838904,0.0021493307697956292,-0.0027656994777866296,-0.002885573141623616,-0.002262591912510449
-0.00852532200950883,0.015041840941865364,-0.007662623085462238,-0.003858464522663634,-0.009793510387592155,-0.04366433422663695,0.03558790678001082
0.00508634037987988,-0.06632848653326615,-0.004264787361902596,-0.02681890751477362,-0.014072785350671172,-0.022830598514647464,-0.030347612145432443
-0.009727247420516342,0.012295058216633806,-0.00988677601948906,-0.006101093057769492,-0.00655483477172981,-0.03278929647568678,0.03250187273714995
-0.011222009287764779,0.02048930019301188,0.013240365677048522,0.013545606420861833,-0.022544973052769042,-0.03536473366881669,0.0015284696953702204
0.0007457978316442737,-0.03275130717406546,-0.0023070801216005243,0.0040199771063150315,-0.007126496683289907,-0.008142345189771728,-0.023181453035434018
-0.0007202264856604639,-0.03783916984462088,-0.007054921705415347,0.0030275756265396698,-0.010186152786827558,-0.009827696109835445,-0.025447450043668853
9.708991268258652e-05,-0.03305492007128434,-0.0033843470215392155,0.005875639681012518,-0.00891560765970332,-0.007890492183281313,-0.022735205737117146
0.006483220716570262,-0.0306509136822589,0.036149538499058866,0.02826919826603967,0.02460743305367607,0.047519921239124706,0.021036666367222734
-0.0041884607449612825,0.030359789739210063,0.06353149255384198,0.05888600261084228,0.042112612133118836,0.019571255190838265,0.10256634258798364
-2.79050465392597e-05,-0.03562822525073081,-0.00424084047769587,0.0032355077219716226,-0.010077418910747206,-0.009196310066897249,-0.024848879327898882
-0.0035479436784280663,0.06101971730171852,0.05205388941333316,0.04015267804201828,0.048963778889954915,0.0008387707676529443,0.10254956937084649
0.00013563292050242448,-0.035269501228618154,-0.005704143199041189,0.0030886127327230005,-0.009628097829128827,-0.008869730276923983,-0.024269340153227775
-0.0072995377086280695,0.033782137469725165,-0.00034315485859018704,-0.02422477484904957,0.0031124068755469738,-0.020065622381928463,0.03055819389163485
0.002531998203609358,-0.06830805006745122,0.006789313394050403,-0.0061067543784251764,-0.025135386725515147,0.0006288051517011325,-0.03587364451827369
-0.0014970993925089414,0.07001325442356643,0.01990219370143097,0.004915411714406836,-0.0005978799591696108,-0.030029188128358027,0.04378762813533226
0.004503944849284802,-0.02711638175498664,0.00014880640694206097,0.0009329324691654662,0.0027723558485142712,-0.0015800702022169709,-0.015397341779005948
-0.0072773778680296,0.002478488613716187,0.004600016939759832,0.011868164397623983,-0.02665616491671835,-0.016132139160840418,0.0029080560517545156
0.004248287064657699,0.0649170971146328,0.04532392963213967,0.031074564257189602,0.05103369797465392,-0.004902130278477674,0.11004199771516396
0.017574743343254744,0.21177098944471978,0.028894671345496756,0.0033894613437093664,0.0025889336102270294,0.009066057933456344,0.005256808927660472
0.0027390176724284765,-0.034998360155320554,-0.00560316997137879,0.002746986478215738,-0.010784778580086444,-0.007998292842575078,-0.026411542558133987
-0.0013378344122037028,-0.03479854752876514,-0.006157920775798741,0.002777697441636688,-0.010516264731607213,-0.009976444641476321,-0.02520092759534618
-0.0034673622067794042,0.06073553611925037,0.009924449070404302,-0.014490839341197773,-0.009483965624062033,-0.027260368932592472,-0.014521548470242484
8.751524320148257e-05,-0.03209532741738542,-0.0036166677832224392,0.00564793532934523,-0.008944103466239505,-0.00788274371468434,-0.022849976552749344
0.00233820619967027,-0.07418337788374518,0.008397647137208971,-0.004482466571040396,-0.024222019245385883,0.0007014742872244162,-0.03535614991500511
-0.00558315028868041,0.03563755374152448,-0.0036594371406004807,-0.025783529982157195,-0.0006102010663351309,-0.028335288932677012,0.030820491790625463
-0.0074995954048390455,0.020799012215080286,0.012725098883047386,0.011664548397444728,-0.025445670764470983,-0.036738779306375806,0.0037134998907587696
-0.006403531532047938,0.03155771798623406,-0.0033189007680999184,-0.031404243550728565,-0.00141045936343029,-0.03389203876526204,0.041559536519481806
-0.010600423431183323,0.007440479342744851,0.012278712002014722,0.009267140949313888,-0.018835480868887776,-0.0028271683070456148,-0.02103072475947272
0.0020000787245867363,-0.039676061548707835,-0.0072637423426261906,0.0031197514470408406,-0.011466878258839457,-0.00907350676892281,-0.02930417192738562
-0.006888513507392734,0.03554144632253127,-0.002236767332819092,-0.02921825810674619,-0.00459113013573326,-0.0291761297760782,0.034212674047145036
0.0026010822870288055,-0.03366117081716686,-0.028166957587473566,-0.05019050577430675,-0.015531350054657283,-0.02299226054814018,-0.033879034393362525
0.000988817980556996,0.05713017391569642,0.020059262590751643,0.022790850747459436,0.03131883918063229,0.09942531447151097,0.024488276534659292
-0.00039240989527541373,-0.03758993399929862,-0.00667477281516198,0.0034885986488258896,-0.01046564701181058,-0.010539245842073615,-0.02571937418257768
-0.010325433339983422,0.026821260305067016,-0.009456399637085002,-0.004119376474278954,-0.005580569426515621,-0.03956311919318525,0.030284751080985023
0.004905915652228916,-0.023720395547306553,0.028810445029745852,0.02751563300408817,0.01656736089735329,0.04085123011786776,0.02695681191960978
0.002054373400738309,0.09264146857117919,0.027722118436127867,0.028575994951344455,0.024826799564683383,0.08991605580737352,0.002124773153990556
-0.00023323541309878005,-0.035780482012725885,-0.004571570662427344,0.0028519723341656664,-0.009677141649200268,-0.0086280419874561,-0.02444842844148766
-0.013514760053419303,0.023139923761416898,-0.0174076197977303,-0.014133205342223181,-0.010105817533445492,-0.011452871649960786,0.030592650779223886
-0.0068417380958381065,0.030679244649449624,-0.00201655350078253,-0.026483675895781947,0.000345077638233539,-0.027478115960032218,0.033314079796885325
0.006156314279707124,0.031979279262952374,-0.00514921081699974,-0.03101232565293601,0.005127694759849246,-0.03354260461471174,0.0355611884881823
0.007525877443179312,0.033881311431148926,-0.006396982808994689,-0.021356996458244452,-0.021474719203407645,-0.007465316610660663,-0.006391281368867785
-0.010288306129710956,0.04111154998313437,0.00024775917490594103,-0.030215194549829197,-0.0033713346446995213,-0.027829709598973514,0.032395496196480744
0.0011821090748133963,-0.05871733103671636,-0.027768696921275596,-0.041698982506908656,-0.012209528398307391,-0.01894410936662957,-0.02779627548050011
0.0030350500054789503,-0.03477801909282039,-0.0038775459385251604,0.004359392079162904,-0.009561741859881364,-0.006935683514389195,-0.02537101411377241
-0.010313980038177456,0.02830827369443849,-0.005114819634842026,-0.031024817781158676,-0.004844723378611111,-0.018023286826604163,0.036536522924484574
0.002001824231937592,-0.03941861937815316,-0.007514721159833961,0.00321887527053204,-0.011854153846049011,-0.0089429226181154,-0.028644619569246386
-0.008344602901064133,-0.056868178478340504,0.009762104473208954,0.014600542858968375,-0.008364544621630951,-0.003878936504061476,-0.0425927230986804
-0.0058400132446537025,0.06577493910234566,0.05037276028017146,0.03857125804382714,0.04868032133711594,-0.005817329398436699,0.10988556832010052
0.0017753161418586315,-0.0420838704782028,-0.007761877653264778,-0.0008409126631724945,-0.012511626587504557,-0.01053535021057499,-0.03112455412671064
0.0019239008967977679,-0.06217884083825048,-0.0076767211648228655,-0.023195460651075316,-0.01781520380964245,-0.0203369795384386,-0.02600533038445312
0.004618337531295156,0.06443073602510638,0.011256456536589065,-0.015897292950634717,-0.01071858494310723,-0.025595827037542897,-0.026114370688011205
-0.021304136998649924,-0.04646705142181774,-0.002059883357804266,-0.019396837149758928,-0.0025888904422633158,-0.01450296889614593,-0.02729178754559398
0.0026557108770995292,-0.07193062938663171,-0.0005775225569327351,-0.008658111780967134,-0.02280383416721277,-0.01981919289819695,-0.026963953243150436
0.0035163157494568433,-0.0323259658590886,0.01939647330132848,0.018411062873426927,0.018115976217736533,0.024756439768398735,0.05243199148774022
0.002001824231937592,-0.039419357926405205,-0.007514721159833961,0.0032271357489449147,-0.011718691690850375,-0.009054313178586236,-0.029237853833642444
-0.010325433339983422,0.026821260305067016,-0.009456399637085002,-0.004119376474278954,-0.005580569426515621,-0.03956311919318525,0.030284751080985023
-0.00023403126820199132,-0.035795267410589374,-0.004583382293570394,0.0028310285030476666,-0.009760237535679495,-0.00868159836761569,-0.024234330530598494
0.00781097138911611,-0.024167574270534065,0.03092684154455258,0.017980327457964598,0.025411963229325832,0.04102125069504441,0.03256110063575491
0.002597389614152613,-0.03507973621874764,-0.005894832539829843,0.0030452018389748882,-0.010396298455560041,-0.00763170224467455,-0.02707964372018732
0.015778929584505035,0.06168925424528633,0.04906634586657551,0.04032753941736809,0.047554233471993536,0.0007188150776519453,0.07246231028020748
-0.003929942872359992,0.06769764728575531,0.05061127799848354,0.0383808437088959,0.04625740768454179,-0.006402715922447133,0.10886352677068545
0.0025463899183101077,-0.0362246836019172,-0.004563733068293013,0.0030737073154407935,-0.009984111638330897,-0.007486289943979894,-0.0278036757796803
-0.006468581793551771,0.036863005869526615,-0.0016294185477739602,-0.026007791740785657,0.000725654065893401,-0.024293454565335715,0.030243527333001827
0.0025360587700497404,-0.0720433583919388,0.0006710387462782283,-0.008534797369857296,-0.02309066265346815,-0.020105486482867693,-0.02699752881212692
0.00013563292050242448,-0.035269501228618154,-0.005704143199041189,0.0030886127327230005,-0.009628097829128827,-0.008869730276923983,-0.024269340153227775
0.0017209176046937976,-0.04274409250750082,-0.009372293729134711,-0.03142584865738829,-0.01344631504513372,-0.018006795056026134,-0.041863260756906925
-0.005114563422055269,0.029059123711460664,-0.0007879287184258563,-0.02741568723519435,0.004285812243929386,-0.029967355604312337,0.03848095353474229
0.0020725292234448464,-0.06331360778154221,0.0008176914649463985,-0.008498066284784316,-0.02230630771362789,-0.020708508839120215,-0.03581075999817233
-0.009727247420516342,0.012295058216633806,-0.00988677601948906,-0.006101093057769492,-0.00655483477172981,-0.03278929647568678,0.03250187273714995
0.002277871187988784,-0.03809096896353726,-0.007029915673807701,0.002649696824116435,-0.011179343134301977,-0.009031067468478579,-0.02834729510856583
-0.020665351760692743,-0.04520458324187207,-2.1967178662345834e-05,-0.011389158592566933,-0.001589308379129056,-0.024770873469051255,-0.034463099180456286
-0.001157758968460442,-0.03929956817691048,-0.007368824684967462,0.0030688419153531306,-0.010971712628389278,-0.010270773116678792,-0.025467096152687146
0.0051789457410626755,-0.024519544700937167,0.0007136726922654046,0.002054909497762659,0.001622757103113308,-0.006720395697491214,-0.01413910188276282
0.002019455152635458,-0.039402238409140825,-0.007473118298468661,0.0032407959482845545,-0.01171418904813801,-0.009052972612187387,-0.02921617220818886
0.0016734812818397437,-0.059883832804310734,-0.01310015547185285,-0.027623223689512404,-0.013965182646242694,-0.023258126109102866,-0.02715751660084274
0.0027212613326306886,-0.03623740215822561,-0.0047495243467996166,0.0027783643653773284,-0.010871978714669136,-0.007422980074338325,-0.02695390335303975
0.0033178623223461107,0.022098622708939204,0.02040717628529607,0.023931382296913925,0.037830645976894395,0.09838787739862707,0.042033488037118934
0.00015908382253203423,-0.03498095763380593,-0.005408350562209483,0.00321460533670956,-0.01033556900671645,-0.00869565054603868,-0.024442553570859178
-0.009670276412511574,0.027619267228432567,-0.008901980440445257,-0.0030872549588313947,-0.009145020396498482,-0.040677176292092575,0.030009947094235503
0.0017339863497163076,-0.0234959915856574,0.0328410301700024,0.021486343035148802,0.025475949740996155,0.04042277074941524,0.03417991183763786
-0.00031481958069740686,-0.03607148515314191,-0.004660910859126822,0.002790412043648948,-0.009813103073002193,-0.008740595040856523,-0.023977188091851453
-0.01205624523411781,0.030359713758170745,-0.010507869077187334,-0.03288896840974652,0.0025634265432725747,-0.012871240083200827,0.03389214057629003
-1.0740053202613034e-05,-0.03484171935322345,-0.005399721373559399,0.0036224139967691816,-0.010062286847135771,-0.009194900463408895,-0.02446219996383345
-0.005010512742433745,0.07532156076526576,0.04903619655498735,0.037538476659050725,0.04693861902427012,0.002633931601588036,0.09069482448527051
0.004548088526357267,0.016498828080669718,0.018148015677780075,0.027404275379966016,0.039587961092211785,0.10714561304985074,0.037485991325671014
0.004732466017652388,-0.08277255683962888,0.012643660693016444,-0.008403254852251834,-0.011911251798505704,-0.0031320139676518748,-0.035247888461689955
0.004393240817613205,0.11170267979000197,0.03211707255848099,0.01944572113412946,0.023702671212143332,0.0806451023893955,0.00030772503663481943
0.003371205695236377,-0.06257786059634142,0.00025538757521109624,-0.010827357017329349,-0.026962262812191537,-0.0034971886333742546,-0.03653931415536367
-0.03146913655463544,0.05207296459714756,0.008521417639082122,-0.01477057240850515,-0.011393744541041912,0.012706664426513184,-0.021867418059296748
-0.010313980038177456,0.02830827369443849,-0.005114819634842026,-0.031024817781158676,-0.004844723378611111,-0.018023286826604163,0.036536522924484574
-0.000550128075426449,-0.03590015723366183,-0.006401930775524436,0.002771100049862148,-0.008392291573170126,-0.009936247116102392,-0.02162704180583796
-0.0028300091606548875,0.07129560992219107,0.04809058673194411,0.03652700191423956,0.04815766875537938,0.004823984345106199,0.08029712970479344
0.0015285989338921027,-0.05789056753343201,-0.019125845405915567,-0.03137390893730292,-0.01260264637867589,-0.0212160813859069,-0.029701914859909674
-0.00010813813809834741,-0.03621480721845315,-0.004706192603553345,0.003160701593859895,-0.00950066596387481,-0.008897078008549737,-0.024302614549749423
0.007695373335356235,-0.07592021643098319,0.0044754902563805985,-0.013903854242845867,-0.026137845876146076,-0.003421513390866684,-0.025486889014167537
0.005746884665529398,-0.06945817547746327,0.010760509575354727,-0.013371494524938288,0.008864678731377557,-0.008327089614561895,-0.013908225205664492
0.0003810150419276402,-0.026444152259963327,0.031578022498782374,0.02435496819967918,0.021586592139789647,0.04074000180760443,0.030928821175086416
0.005189253661993083,-0.03075575689930506,0.0019820383321583804,0.003382972404896323,0.0025632717974687284,-0.004658502347785077,-0.01321732378440518
-0.006403531532047938,0.03155771798623406,-0.0033189007680999184,-0.031404243550728565,-0.00141045936343029,-0.03389203876526204,0.041559536519481806
0.0024765439351352135,-0.03790223453411342,-0.003863192937875936,0.0030103948812049805,-0.010067975843177052,-0.005700243685162269,-0.027913605209468614
0.00071571651960427,0.08072981726403201,0.023040031007868948,0.02265834719158459,0.028273965222982204,0.09230462962472279,0.02316036016397048
0.0026067685587463593,-0.036464236558205874,-0.027789416327593238,-0.04209089967038555,-0.015584095722777006,-0.025502475191204393,-0.03368732578049485
0.0013126772135231715,-0.03379342642997515,-0.003927716392854416,0.004218733696842809,-0.008210625872951911,-0.009647894055991686,-0.02349321986747836
0.002760289758587892,-0.03186278023768345,-0.0037089725703024854,0.004893689960694358,-0.008758265375356065,-0.0076130055938260915,-0.025345919945633608
0.002556152177698533,-0.0353002425302038,-0.005807392963254023,0.0034138247859989003,-0.010190788568589688,-0.007605130915226989,-0.027475598315628697
0.0010959506018974308,-0.05942900518908901,-0.0324544689450127,-0.04164409797316655,-0.012801943789121037,-0.018797338225451456,-0.028647511275817692
0.001988354407106973,-0.033691741773566895,-0.004316474966528695,0.004007112766517472,-0.00959227039108461,-0.009063211145780344,-0.02269588483875603
0.005301204231883017,-0.04181296344273018,0.00048404654240322067,0.0010494862958604278,0.0022860157834878876,-0.001932236806855044,-0.012000040818763344
-0.00029422945235541286,-0.03580102365060052,-0.005894755760187698,0.0028704458471637863,-0.0083439285297133,-0.009918628345280353,-0.02110492118834164
0.0038573048672293536,0.05489010943891425,0.01871024257403432,0.024849636223006715,0.03128681203480939,0.08395362677317564,0.03808698098789079
-0.021304136998649924,-0.04646705142181774,-0.002059883357804266,-0.019396837149758928,-0.0025888904422633158,-0.01450296889614593,-0.02729178754559398
-0.009394113570928382,-0.05945702115348067,0.008804546098201145,0.010205097458132844,-0.00826489743939527,-0.0034117040729519143,-0.04399641836288482
0.011245822016449185,0.08471431637817933,0.06326067021194776,0.05235479528239012,0.08217434775289174,0.3733043993445269,0.13775550696647887
0.001057519604864852,0.023329506815863623,0.022390142680037424,0.022458483469422648,0.0374477352284489,0.11305205417912836,0.028315766397639133
-0.008476918497067085,0.03155356111710235,0.0008619117076206062,-0.023357650385939236,0.0016485999406999575,-0.02360512903812111,0.030658997173244853
0.000574055737284294,0.046926640155599865,0.009113197820719465,-0.011172914771543838,-0.010592404758132955,-0.027301601814345967,-0.013312490186369983
0.0017209176046937976,-0.04274409250750082,-0.009372293729134711,-0.03142584865738829,-0.01344631504513372,-0.018006795056026134,-0.041863260756906925
0.003257997199842731,-0.03426095896092548,-0.0041694547686991785,0.003485369856265204,-0.008487412722875991,-0.007168318884979418,-0.025458446817838445
0.0017766691661302327,-0.04290591695824214,-0.0063460320908079685,-0.0005995864307962626,-0.012845214384391715,-0.010404586289858507,-0.031663695211602685
0.0020000787245867363,-0.039676061548707835,-0.0072637423426261906,0.0031197514470408406,-0.011466878258839457,-0.00907350676892281,-0.02930417192738562
-0.009394113570928382,-0.05945702115348067,0.008804546098201145,0.010205097458132844,-0.00826489743939527,-0.0034117040729519143,-0.04399641836288482
0.006283318212009825,-0.028148305952081284,0.03216621892865707,0.024770794895967955,0.02474164832337051,0.04301786378487705,0.030655937152986514
0.0066597261889080606,0.019835729838848584,0.020501960292405662,0.025124474018336382,0.03376257385128391,0.08914426094678916,0.06406913862333145
0.015778929584505035,0.06168925424528633,0.04906634586657551,0.04032753941736809,0.047554233471993536,0.0007188150776519453,0.07246231028020748
-0.006024113698712961,0.05748655592201931,0.037241643744103506,0.027042006007004845,0.05347071398224971,0.02532538294567823,0.10704793313592022
0.0006809092418937867,-0.03517794271536172,-0.005113365017147462,0.00311313384053919,-0.010230846919395856,-0.007692479392221808,-0.025790779548894815
-0.009394113570928382,-0.05945702115348067,0.008804546098201145,0.010205097458132844,-0.00826489743939527,-0.0034117040729519143,-0.04399641836288482
-0.013355968326185526,0.022563958196717044,-0.018926564116230588,-0.012307284694673742,-0.0021360307380371697,-0.01590268616743791,0.026949963939300315
-0.00288815158477119,0.1215708002562236,0.028171180712532853,0.019410359918466902,0.038056215473731295,0.00031657368064956363,0.06593231282900429
-0.006689358882942949,0.04424982086503994,0.0008492518239479229,0.008258555879134058,-0.022602826137460928,-0.03808652235606663,0.0006354820241064651
0.003341404938320551,-0.06194186522904553,0.00047764566011563713,-0.012507152536269675,-0.026741252993245087,-0.0024829502998684827,-0.03680747686172626
0.005849257733550908,-0.03161043872662046,0.0004032681391002536,0.004097975334488994,-0.0026830755566089855,-0.004942561857638827,-0.006705777460606459
-0.0064799629262213615,0.036722831623495614,0.0007318525549803593,-0.02474275347755557,-0.00046538947877833585,-0.028635183861916245,0.02973964741695134
0.007712080633471775,0.034075307529087086,-0.006303183874453943,-0.022259679921556443,-0.021470604967592406,-0.007201633229304485,-0.006355804761396593
-0.006758630307079995,0.04518647934700776,0.0005716123876599418,0.008619847199834434,-0.02268114612320066,-0.03788669741320896,0.0009158663129033853
0.00010158007345583903,-0.034814473226678244,-0.005459194308053529,0.003252244778980698,-0.009869727861327619,-0.009361767043243244,-0.024145561736185078
-0.004946096174825557,0.06498218800290609,0.04454937199558496,0.03517730601235043,0.05101686498025413,-0.004093517442247635,0.11505087532799525
0.0015866569275850516,0.02334176019304373,0.022661148908258755,0.021910795881047457,0.03813390176654757,0.11301416600830357,0.028520751949521472
-0.003291010681000522,0.11653594341206319,0.034785744780978324,0.01956507431650054,0.03741652728725752,-0.0005506486069939476,0.06742161101000717
-0.010199603141737863,0.036319165258738004,-0.011251421479821047,-0.03713045171464556,-0.003142664487886527,-0.013767321665324435,0.037469889635198775
0.0035699632252024676,-0.03206296093034557,0.025493976562575026,0.02514320629954202,0.019102479293607092,0.025118961531814792,0.05543599573707144
0.01678155126714908,0.21045698345277808,0.028673953396747713,0.003487906598795495,0.004115226866334003,0.005812432496687383,0.0058954132316475175
0.004895130772433493,-0.05255005341262447,-0.0399484530508669,-0.04087393932795066,-0.0027337935411158574,-0.01049137253541814,-0.051128375504666035
4.950233570041848e-05,-0.03398338474089426,-0.004928436029641797,0.0040693467340125146,-0.00937973353090377,-0.008756648647325574,-0.022528787288020505
-0.009321481035259814,-0.06474634518738734,0.014734444844476587,0.013679446704509999,-0.009154565621812863,-0.001766904995735556,-0.05056291397160469
0.0002503586382632447,-0.035698041136950846,-0.004603110364118451,0.0038518881010318876,-0.0100442533660175,-0.009353820609733802,-0.024829982965984317
-0.0001322893791915406,-0.03472060749512439,-0.005377310189742557,0.002904119664528814,-0.009939945328613246,-0.009232765682265278,-0.02419569158223495
0.005245016522344301,-0.06652340606401805,0.00554417434877675,-0.01612691720509056,-0.0191731399877299,-0.008101527103979374,-0.03333215939074827
0.008094898793641761,0.06209575205033857,0.01898801883867391,0.026691222069708732,0.03070111395974716,0.09389333847508721,0.0243962536627596
0.004386322703835277,-0.03225020783845968,-0.0023299237559861775,-0.0018513793905471667,0.0018753283129384147,0.004461424867795005,-0.012737603199823885
-2.79050465392597e-05,-0.03562822525073081,-0.00424084047769587,0.0032355077219716226,-0.010077418910747206,-0.009196310066897249,-0.024848879327898882
-0.00852532200950883,0.015041840941865364,-0.007662623085462238,-0.003858464522663634,-0.009793510387592155,-0.04366433422663695,0.03558790678001082
0.0030540764774293068,-0.03531120527048076,-0.020863690663724007,-0.039150723004800526,-0.016494121418616003,-0.026373572171204375,-0.03517259978265874
0.0027702008028265765,-0.036488049728070335,-0.01726865083232216,-0.03492886206758229,-0.015952381276442672,-0.025367891418092925,-0.03368503282342108
-0.005816338228359058,0.030798683459900555,-0.004100844288901675,-0.03218787293538429,-0.005712397433817903,-0.028845686435193602,0.03470779451049444
-0.002077649478031675,-0.06924267216738894,0.005729711846693966,-0.0065312640884121744,-0.016059478751347663,-0.024612273877619707,-0.02550129753694451
0.0017339863497163076,-0.0234959915856574,0.0328410301700024,0.021486343035148802,0.025475949740996155,0.04042277074941524,0.03417991183763786
-0.008185286543352769,0.029420733717785467,-0.004584904935530807,-0.00010255963329980801,-0.015017833050672688,-0.049388338430293964,0.03445728800644429
0.004248287064657699,0.0649170971146328,0.04532392963213967,0.031074564257189602,0.05103369797465392,-0.004902130278477674,0.11004199771516396
0.004888989740209192,-0.016386589433613104,0.028431447424287524,0.021394343377450543,0.014323572583588027,0.03316363363166283,0.03948032665962
0.0006809092418937867,-0.03517794271536172,-0.005113365017147462,0.00311313384053919,-0.010230846919395856,-0.007692479392221808,-0.025790779548894815
0.0003289584252033737,-0.03504210415303206,-0.005501299927589861,0.0028746443800508007,-0.009882586518716563,-0.009352539894810432,-0.02426669289444348
-0.006184886805133738,0.034018109923082775,0.0030272342863461835,-0.03274153910313104,-0.005590130331392916,-0.029528645645055283,0.03594382428991991
-0.008176588111416774,0.030788327729053395,-0.005039665190348941,1.7368470418991054e-05,-0.0150200123685678,-0.049385155384855564,0.03460213815835675
0.0026022034098326396,-0.03499844200856503,-0.005674545073548316,0.003089122380233555,-0.010741991383160315,-0.007572362378012644,-0.027202926652955404
0.00538050166142246,-0.03626918225056082,-0.0011049202319791402,0.002497532936093504,-0.00279787065606032,-0.0027977490733993803,-0.002100308165868903
0.00396853715362907,0.05701734421927832,0.018379226821614844,0.02830383549153621,0.03352282349858902,0.08156213353884059,0.03833327846711737
0.00026497316444332484,-0.03544932286514504,-0.00440466999912976,0.0036215128465996575,-0.01068723086327224,-0.009248640631943464,-0.024816764889725798
0.001235204699357141,-0.06007628767181336,-0.021351751189999886,-0.033867613634284435,-0.012828677058726916,-0.020734701072705482,-0.030248070433945572
0.00015902584176696408,-0.035048468376720855,-0.005417458556356019,0.003407478024450776,-0.010146505217840718,-0.008735236010177703,-0.02449580593461643
0.0010671272606371162,-0.05680596053017209,-0.026349532656094618,-0.041314751497251764,-0.012419291197195086,-0.01872188378369396,-0.02706903979683988
0.0027665586452524874,-0.03535996455427102,-0.006004110433108538,0.002730346169000476,-0.009936787634416855,-0.007502178633502845,-0.02699175196099978
-0.00941379018965583,-0.059955228275840634,0.011202212699072952,0.013049647297152966,-0.009557901322540285,-0.0018197276133859578,-0.04518171460221947
-0.005463388826694785,-0.037130488613065685,0.015066457435155143,0.019429874674821396,-0.022272927157347015,-0.003538301015075423,-0.0011809761696473917
-0.002544356673775401,0.060934497816380634,0.06276251070558697,0.0481479371846188,0.045630118883095566,0.01053452220661528,0.07550744398281195
0.00276035071924551,-0.036487243133113585,-0.0169181108189688,-0.03761192418994141,-0.010191499367418977,-0.02522724977483075,-0.037360611831912804
-0.005848001653716806,0.0659411709830012,0.050272660026041936,0.03866390247482569,0.04874938289825796,-0.005784993973680658,0.10996018596711755
-0.008674453584012965,0.03234355739204552,0.0028672218534368517,-0.022955406876987234,-0.0018121925045862949,-0.026042273565334877,0.033762243586611465
-0.003917457226544427,0.06342648446690412,0.05102139847970575,0.03989947316453984,0.048727992269352996,0.0006920031828186572,0.10155071360910015
-0.008194624290112192,0.0380042353092715,0.007008553369653816,-0.020314518207027652,-0.00872866019225996,-0.032277259501121244,0.03342706021398599
-0.0074995954048390455,0.020799012215080286,0.012725098883047386,0.011664548397444728,-0.025445670764470983,-0.036738779306375806,0.0037134998907587696
0.008306688746813699,0.07320998320264346,0.041591721421336325,0.03154093028642993,0.046071564128499005,0.0023968821947379423,0.08535543090437751
-0.00039315986087453173,-0.03749712670497569,-0.006741296045798179,0.0038183329992367634,-0.01062280346772502,-0.01100637082042172,-0.025808948509426544
0.00017890408869566943,-0.034566219437866134,-0.005408459327144388,0.003113506636784996,-0.00988074488441967,-0.009308605243786894,-0.024631657187069275
0.004804342411071652,-0.04414181482490036,-0.039124333353880505,-0.03841462878275266,-0.017266749630677595,-0.017826921420063074,-0.04080713872020591
-0.00021752588451084327,-0.03523247759060543,-0.005709077526446572,0.0030254979874034436,-0.009455861734894579,-0.009015419490263,-0.024276356436865147
0.003401125450699741,-0.06194852410232766,0.00041906279242346874,-0.012630560789173786,-0.026755556374540364,-0.0025403217067946366,-0.03638705694572043
0.00885655691647695,0.05232153120852171,0.020302712482186184,0.02976110104038879,0.022735296465169162,0.05747394332370063,0.07324114255021816
-0.002544356673775401,0.060934497816380634,0.06276251070558697,0.0481479371846188,0.045630118883095566,0.01053452220661528,0.07550744398281195
0.0003289584252033737,-0.03504210415303206,-0.005501299927589861,0.0028746443800508007,-0.009882586518716563,-0.009352539894810432,-0.02426669289444348
0.003943256298904829,-0.018048629193982955,0.029284824082365407,0.02380747804396768,0.012291212337681956,0.03363912650540528,0.03777107535606563
0.0033595921767464836,-0.0633246700991539,0.00014848602820194168,-0.01205136226238961,-0.02644910428833789,-0.003017844100052167,-0.0356764250008784
0.008306242427783014,0.07256418064133112,0.04492661179188217,0.024013846970192383,0.04716772337412036,0.0020042181367111275,0.08739267174237968
1.296920982244206e-05,-0.03662970126362912,-0.004075842979110105,0.0025727503866800143,-0.008479212116281663,-0.009525962392251673,-0.024300482082386228
0.0003219360390518178,-0.03270912051389862,-0.0051063374866976265,0.0041884654924103076,-0.007637469475935932,-0.008523646881075597,-0.02012905869832063
0.001350874321299639,0.1787942395565845,0.02637673943781283,0.008126932319442186,0.025724820597471977,0.04269808410837085,-0.0032057553758587124
0.0016463656942052763,-0.05733391061811392,-0.020505489238854264,-0.031271612732086555,-0.012683993322937683,-0.021101559463407565,-0.029700104926851493
0.004940974771910517,-0.044081828724821324,-0.03750973343244837,-0.03942482022001005,-0.01720611089728728,-0.019003081245617767,-0.040608399066937084
-0.009626802746449779,0.029602096377712005,-0.009156785076611235,-0.004109723695192351,-0.008200008722690033,-0.03896392338039006,0.030175661715773856
0.003979168911390262,-0.02234449737026167,0.026457461200526777,0.02417791008816732,0.015943378030281778,0.04405644951813303,0.02950700134177882
0.003356101004197793,-0.06254113653456618,-1.7542559523408433e-05,-0.010996748828792698,-0.0267297808776307,-0.0038086715306469335,-0.03589902046017973
-0.010274452709998128,0.02483398796629634,-0.012584550159703665,-0.006975743972014556,-0.005258965955413515,-0.0312263203139206,0.028252052610455086
-0.005166967765570054,0.02322409979281979,-0.04137336989591295,-0.05713126547451486,-0.028855350200515897,-0.017608136607562785,-0.05633921245324404
0.0007536680034031514,0.022023211491386627,0.02275884639458035,0.022598823611407276,0.037815536907879345,0.11331952416899452,0.028529408529406095
0.00981046739927464,0.08473346217020182,0.04301178877724945,0.04746884914863243,0.015514148700011202,0.04990152965995113,0.005489921695209264
0.0006327447502032241,-0.0357974174324738,-0.005699436622284124,0.0028150528504385505,-0.009763750761543401,-0.007259135117487885,-0.025488754406910168
0.0006982309462434575,0.02298341613003711,0.022743881940305865,0.022237226588828388,0.03742688901768245,0.11307959707564293,0.028437653331588413
-0.007728653661782222,0.02211551098967841,0.011649380602869944,0.011991342616477357,-0.025787324869854397,-0.036432494082792144,0.00418657033149293
-0.008274553877912127,0.04797567475512662,-0.005168868066776264,-0.031196338894594736,-0.0015559862370975168,-0.016670829043964858,0.04001378594028029
0.0026557108770995292,-0.07193062938663171,-0.0005775225569327351,-0.008658111780967134,-0.02280383416721277,-0.01981919289819695,-0.026963953243150436
0.007071358268903483,-0.03272661749364917,0.034401275065797834,0.031896412479091016,0.022458519373319743,0.04827871823333,0.017841610228727076
0.0001595532213405398,-0.0349072272469767,-0.005371143757916508,0.0030839573996065887,-0.00987452083255857,-0.009256938648947362,-0.02453208934016223
0.000165011540303278,-0.03555491977532259,-0.004447822404226835,0.0031943153319241428,-0.01001400553132483,-0.009309963317589353,-0.02456893396062931
0.0045796856623385555,-0.012638371260428771,-0.0007832166204702673,0.000982805722069966,-0.004064847825280735,-0.011795060295899691,-0.010470102332404366
-0.0046290931190843595,0.03343839576774166,0.06410818929669013,0.059628452120887125,0.04245809641724991,0.017469345750968538,0.10047147287594899
-0.006258196650039058,0.03476578464534667,0.0019059439969872061,-0.026621508963272696,0.00024928624646144233,-0.02445315945421918,0.03094592461894626
0.005111974772967271,-0.03229637717219356,0.001934809500419261,0.003497422099887508,0.002849718131560436,-0.0033300477668140346,-0.013668785665721037
-0.0004621700510807229,-0.035514413570693085,-0.004927584129141365,0.0025309061767925163,-0.00820367635912486,-0.00952785077569236,-0.02431980715767959
-0.006267685914112921,0.03630212466818736,-0.0006692613000019986,-0.02614052536509566,0.000712768706108247,-0.024356234758893272,0.030084455697507926
0.00016021736150074415,-0.035187410783141866,-0.005338165940667578,0.0031063090905949923,-0.010297786427902335,-0.008723816247210484,-0.024264119547059367
0.0027168783127963806,-0.03632513885588046,-0.005081155619568002,0.0027717507346164388,-0.01006981858159618,-0.0074634030120918175,-0.026967898319203765
-0.0006937053237055331,-0.0394610162831972,-0.006886336661169066,0.002869768824257476,-0.012282495851734323,-0.011020357846289104,-0.02759017888267459
0.006717185175833242,0.0595421809835549,0.017933279763711993,0.021288706581767063,0.02953688153496547,0.09613662138024472,0.025632020957484264
-0.005359722987295882,0.025915784979075006,0.001133750552874176,-0.0279388195065722,0.003732165932173004,-0.030745264404489592,0.04044489433530207
0.005192284518914904,-0.0909657158027876,0.005713599086557022,-0.011127347098803317,-0.015317782410278615,-0.011268599886239542,-0.029379603905791103
-3.4603077211060124e-05,-0.037624986838489166,-0.0055674674676967845,0.0022146707786017752,-0.01151243908153803,-0.010009888539033418,-0.027254931757925763
-0.008832064259063176,0.02840144640727631,0.001322894772075422,-0.021797921930703273,0.0018722125881456106,-0.022729789412237984,0.03143741425560555
0.004943381961504295,-0.04346285048380467,-0.037487753521742634,-0.03981646206571622,-0.017251354148388152,-0.018708824557321025,-0.04132886874860249
0.00017890408869566943,-0.034566219437866134,-0.005408459327144388,0.003113506636784996,-0.00988074488441967,-0.009308605243786894,-0.024631657187069275
0.006483220716570262,-0.0306509136822589,0.036149538499058866,0.02826919826603967,0.02460743305367607,0.047519921239124706,0.021036666367222734
-0.00257520871881823,0.07159198206185766,0.04975494384399095,0.03232769824486084,0.05050498873462345,0.0043036541400926125,0.08073668817897113
-0.0014970993925089414,0.07001325442356643,0.01990219370143097,0.004915411714406836,-0.0005978799591696108,-0.030029188128358027,0.04378762813533226
0.004283031154532886,-0.011632431281699522,-0.0008968238071781397,-0.0006252467309461998,0.0003515622353781101,-0.012466228721363591,-0.01365387989070646
0.003992573704707819,-0.02385495217069773,0.02976266676064206,0.02553239726451803,0.01828237739055966,0.041992408841975484,0.030021824492028004
0.012840996103704896,-0.01157978567590093,0.026779702208386606,0.03851985668571341,0.03816940923869854,0.06697284975098589,0.07036722756408462
0.0001273979354317864,-0.034607567831553165,-0.005460553907269102,0.0031136835934620606,-0.010019483364075207,-0.00932258033930773,-0.024161798689263568
0.013229067894522757,0.022310666619158925,0.021216097537173427,0.021405899510480695,0.024207988448392503,0.07169157655939097,0.07836061965573045
0.007069363380834374,-0.032971840394563585,0.034636634778799955,0.03171307156998438,0.02241206290349194,0.04828897209633121,0.018094700338692992
-0.0052203427886666695,0.03726617530191371,0.007022712165240092,-0.01986818145478853,-0.008988370839728916,-0.03314310457042995,0.034500633214224675
-0.003383156070511486,0.05202797806865891,0.01075290179390712,-0.014322537846801351,-0.007648571721136332,-0.02397496720504092,-0.013456388652636857
0.0012081918841817508,-0.021604474045852567,0.031290316449716776,0.022321093576327753,0.025504853526091945,0.04099034600758565,0.03414177655699234
0.0016809287759421369,-0.05988386333464636,-0.013084647279374556,-0.027612433501432485,-0.013965372402239334,-0.023259811604890514,-0.027155793433547022
0.004969820009800156,0.06627819181574898,0.04490669960029629,0.03077458275916453,0.05093121721792095,-0.004856997602658784,0.10926315897164739
-0.009296741179892869,0.023989657313503294,0.0052828256722655615,-0.026212166458631305,0.006088951274081846,-0.02302230035055655,0.03266149639537814
0.0015285989338921027,-0.05789056753343201,-0.019125845405915567,-0.03137390893730292,-0.01260264637867589,-0.0212160813859069,-0.029701914859909674
-0.0058400132446537025,0.06577493910234566,0.05037276028017146,0.03857125804382714,0.04868032133711594,-0.005817329398436699,0.10988556832010052
0.0019742114994779503,-0.06311309166979372,0.0015235036308844767,-0.011076281960372011,-0.02212781915705586,-0.01980070349512072,-0.03551586131882617
0.003409338172730778,-0.061940629081510205,-0.00016774404838562282,-0.013054683205416232,-0.026743564154107204,-0.00245515559940315,-0.035621738503449456
0.0016462426091821347,-0.05732686822683081,-0.020489747031911303,-0.0312714828010731,-0.012686067111310184,-0.021100232197028668,-0.02970231754955081
0.0008015393184047983,-0.035065412554979934,-0.00520916387004556,0.003437175410860262,-0.010950064655970496,-0.007523692472876183,-0.025658603530841526
0.00396853715362907,0.05701734421927832,0.018379226821614844,0.02830383549153621,0.03352282349858902,0.08156213353884059,0.03833327846711737
0.008104688968134904,0.05516309268569553,0.018757165620830567,0.023448715643853115,0.027255256997618587,0.08173605039538773,0.042290687543012274
-0.008443701388875654,0.035247563907130845,-0.007435609064261299,-0.03321315365945066,-0.004041223741581341,-0.019130253416846234,0.03526614874274683
-0.0084750474290755,0.03214746457708217,-0.0015121158280214165,-0.025285582023500966,-0.004573639390831912,-0.03415808298301199,0.03483147921556554
0.002525479241963285,-0.06831603090360407,0.0066970249252774955,-0.006505269850211207,-0.025090508628572022,0.000720636832055139,-0.0354497434240962
0.012800089446396,-0.01757045684344817,0.03846721253673141,0.044142362156189434,0.04026275114677467,0.06103529662000649,0.0754980444551283
0.0010103759731423972,-0.034690665897487524,-0.003975881438640592,0.004327000731955329,-0.009056714800134666,-0.006802796168255067,-0.024193679137028256
-0.010313980038177456,0.02830827369443849,-0.005114819634842026,-0.031024817781158676,-0.004844723378611111,-0.018023286826604163,0.036536522924484574
-0.016515212489236267,0.024244337834230804,-0.01682163113062693,-0.013022616084161625,-0.001199858600580077,-0.0067339930741603235,0.023329680733433607
0.003060059010841189,-0.044046946821871956,-0.009086297417661147,-0.031194236787717485,-0.013614610190301706,-0.017542438574391427,-0.043937179493550055
-0.00832843057203035,0.036060422163529,-0.005031578834372999,-0.03449491075603187,-0.003243096974687761,-0.019218072084103394,0.035777968824946126
-0.0003936436489209385,-0.0375853691165777,-0.006739103033862698,0.0034951978820864657,-0.01062538565982361,-0.010554855072129735,-0.025764940741458558
0.0003810150419276402,-0.026444152259963327,0.031578022498782374,0.02435496819967918,0.021586592139789647,0.04074000180760443,0.030928821175086416
-0.004674272039990451,0.060426586099220685,0.046075318089235255,0.03572769380147632,0.05181334975523455,-0.0055864451343286175,0.11695579710511836
-0.004886628380727443,0.06600274138681916,0.04375105984366061,0.03522330239728886,0.05133100179488979,-0.004127899293901653,0.11458571604833863
0.00015169941575222647,-0.03466407819318191,-0.005386169337453333,0.0031767105762342813,-0.00970432528660747,-0.009368783868189599,-0.024616427595879453
-0.008258598033082508,0.0382196121355906,0.006490726051302878,-0.019527177065657268,-0.009086642812692922,-0.03244887644667377,0.03387176375065185
0.0005644830321549874,-0.0338552173052962,-0.00320882934549001,0.003986192431595003,-0.00784753618369094,-0.0075160662766667,-0.02338593632617689
0.0007931274984177569,-0.035293766089357484,-0.005173334999037056,0.0033990763671174007,-0.010884948864845779,-0.007582321643596573,-0.025878903799623727
0.00290662985713105,-0.032121761229446794,-0.003782613987554234,0.004484809572386835,-0.008014144242335503,-0.0071143252937361165,-0.02558107807848033
-0.00959884869996124,0.02718071545820648,-0.010410034714306158,-0.003685332479395289,-0.00600221588562612,-0.03911080469302805,0.028655718183095424
0.00782330334204605,0.054187071951347796,0.015220119397471369,0.021833570213306723,0.02094593432996456,0.0628630869647746,0.07358593897475321
-0.00023251360800676958,-0.03584677272985,-0.00460548675395928,0.002732050863973948,-0.009623713121507208,-0.008643483672656846,-0.024605731007152305
0.00018920694827446262,-0.0347504729798092,-0.005373931664162638,0.003156189435306025,-0.009973458904412461,-0.009418419593145828,-0.024450347032780657
-0.008992553666610496,0.032361714288844275,0.010597821791072621,-0.02172062861558197,-0.00855639485310013,-0.030786293566135662,0.036333427661713935
0.0061232760468165216,0.055077672177661414,0.04572036234611869,0.03272394948273668,0.0516416987818953,0.0035664645896166646,0.09940106545839004
-0.0006179571945004894,-0.040054511646239986,-0.007389844572672614,0.0027334767310400456,-0.011077815244756139,-0.008364855050379342,-0.02771719805860851
0.005473731232184445,0.07189399319311163,0.043693174471756836,0.03116745991322189,0.04618553003370386,0.002770314979754142,0.08868498454399558
-0.010349039799819632,0.03211672848824326,-0.01010250126724144,-0.029359593459987874,-0.006235831621071525,-0.015094703291820302,0.03762129400400904
0.0035699632252024676,-0.03206296093034557,0.025493976562575026,0.02514320629954202,0.019102479293607092,0.025118961531814792,0.05543599573707144
-0.0006039474884578734,-0.038740790945059236,-0.006863114415165813,0.003471801911855637,-0.011527875981818536,-0.010693577340971724,-0.02648953946224787
0.0015285989338921027,-0.05789056753343201,-0.019125845405915567,-0.03137390893730292,-0.01260264637867589,-0.0212160813859069,-0.029701914859909674
0.007528395342524252,0.0598944187702731,0.019559467559060333,0.02600020510579786,0.033098960463727116,0.09056073443485803,0.02821563862092099
0.0015935194353651325,0.023670703141945446,0.02264834164675288,0.022194739658054182,0.038146288197528626,0.11301453353311741,0.02845795717101782
-0.0053858705666680615,-0.03097708040973725,0.012584918762813911,0.01895271058546116,-0.023200878549524268,-0.0060249282190625,-0.0014950028941457256
-0.009215093121927842,0.03261348110512826,-0.0021060444128111755,-0.025589753420158547,-0.0009748541569819626,-0.025838972476614284,0.03256366055463452
0.003417774148536283,-0.0651052128160294,0.0017311648637352054,-0.008735850980734209,-0.02457863496473074,-0.003467138910154198,-0.036168573103101
0.0030062636044780253,0.06665160809532106,0.017819555196164794,0.02436872214268122,0.032970988407531945,0.10866396537069542,0.00246606623848599
0.002947571110187023,0.07038472965655389,0.021878216212613235,0.02662964719934839,0.03640328371512164,0.1002037405918722,0.005617966516460848
0.006702814590577486,0.039257021618194735,0.051932577960809134,0.03410302612409487,0.06539885099515126,0.21344909828328437,0.11526971751434757
0.01123072113081832,-0.009544524721071724,0.04692469629437947,0.030075294280942133,0.023164878391616267,0.017631459959866744,0.023287172274581595
0.002632675743199514,-0.03496632205752035,-0.005663381775928938,0.0027534956782035444,-0.010292828943132517,-0.008015189505415882,-0.027092782516716613
0.01149947570970947,0.09072232857318374,0.06764545877925118,0.05498220137941882,0.0809657700584153,0.3626481516693642,0.138144771311905
0.013920033825051775,0.19396613429904616,0.024377775530401682,0.006003436192109644,0.021520240316976753,0.034188069821474674,-0.004014681526070645
0.01515891650801197,0.17649480007853063,0.016656895012831862,-0.006633856489765879,0.022299419554370578,0.004179224829277109,0.05067285365825422
-2.79050465392597e-05,-0.03562822525073081,-0.00424084047769587,0.0032355077219716226,-0.010077418910747206,-0.009196310066897249,-0.024848879327898882
-0.00023323541309878005,-0.035780482012725885,-0.004571570662427344,0.0028519723341656664,-0.009677141649200268,-0.0086280419874561,-0.02444842844148766
0.021124529907772846,0.046962762717129965,0.017404523542181406,0.022450998896897594,0.025199586022094524,0.03771054931711169,0.07990001040158846
-0.009054480027191433,0.015014078892478269,0.011779222036780475,0.009292408843790644,-0.014902532929088545,-0.027689456962505278,0.03602385257963555
-0.001329419544263998,0.04881449939439736,0.00976628004761482,-0.011389637100971255,-0.010661506127772856,-0.025387832646649403,-0.011477401993216577
0.0024862015633415665,-0.07251688004872966,0.008009253074965453,-0.0026302297790317757,-0.024386217241497553,-0.0003687780976064422,-0.03794666470889883
0.005870854140122773,-0.031603895321733015,0.00040603826379765695,0.004115171449098458,-0.0026697139891802965,-0.004887757998313704,-0.006694431732683192
-0.007288081239050458,0.03589010866719447,-0.0002658828714935119,-0.025125839346319383,0.0030371751815645373,-0.02130461964677345,0.031004856991035914
-0.0072285245948364675,-0.0435017818043324,-0.026857175266969294,-0.02094216637192035,-0.04015877223358275,-0.024772972519138122,-0.02930515715232526
0.006152724780479194,0.056667688209875874,0.01914511263321567,0.025910811153609464,0.02550596086656863,0.0743757308175348,0.05977794244782892
0.006134460561518936,0.05507756665927992,0.04580776316758874,0.03274911683852325,0.0516440837897084,0.003669612537328822,0.09941571345593044
0.0007994813086254861,-0.057841941819351345,-0.03118128341065202,-0.044231260599355504,-0.012828746202026623,-0.01927345597316586,-0.028186626727157077
0.0027414523147414054,-0.03167877412757121,-0.0038613670814800524,0.004892004344378774,-0.008768262443220171,-0.007403804214737743,-0.025206001671040732
-0.008433170568224548,0.037596460276863246,0.006699611184288052,-0.019590932483519,-0.008947190064690873,-0.032480022786586946,0.03487742006220661
-0.0029227240645243583,0.055036143745903245,0.011493573143645797,-0.012410239367020088,-0.009781132937442148,-0.026242694799452963,-0.014100369508304494
0.006149899853721742,-0.03461308422745557,0.025707558153097186,0.02657805828350147,0.0194033251072407,0.025150869106644744,0.05180953023006572
0.0015936525426359222,0.023674541661952743,0.022648819042966298,0.022192260494186877,0.0381472158057745,0.11301461447705229,0.028458034440885144
0.01284838098036172,-0.011088967418326526,0.026819563668912586,0.039390198539189576,0.038241523306081056,0.06699969451002512,0.07049733703250789
0.0007645735109873656,0.04851640265493961,0.006949791662858329,-0.01124102973689992,-0.00995800369093534,-0.027861790266073314,-0.013255479375372255
0.008603015862980836,0.04542956898482911,0.013435468300324958,0.020925461678425603,0.024838890524558732,0.0337189760615535,0.07933419507376485
0.01602256094506241,0.10398081359207412,0.027895909941689417,0.020248017604572503,0.036316074459866704,-0.0006333739838126004,0.07119646036711967
0.0005644830321549874,-0.0338552173052962,-0.00320882934549001,0.003986192431595003,-0.00784753618369094,-0.0075160662766667,-0.02338593632617689
0.005179339789736271,-0.024524314125579434,0.0007061461750202833,0.00206500347090776,0.0017052307509215674,-0.006702149912611487,-0.014051151678935114
-0.009842315247509864,0.043898235800623055,0.0037074935960852134,-0.026035474410246916,0.0003489567416902349,-0.014528286507615498,0.04016315108041153
-0.008952830167833874,0.026915132448046438,-0.00889438387449052,-0.003395468890140102,-0.007568565559287015,-0.039562455004001774,0.02836613648275748
-0.031544412516632835,0.05217555981469543,0.008904750421989282,-0.013849286278544199,-0.011372933493358875,0.013357709864999325,-0.021543974621733207
-4.1603393850987246e-05,-0.037695603678028135,-0.005764626636381191,0.002183536410513407,-0.011827908667760692,-0.009535065693799505,-0.0277195907705546
-0.0016853046703269759,0.0768173492900427,0.06324509856332808,0.05665072992925434,0.0449315902141624,-0.003268443654228283,0.05422749614118057
0.002018840975962478,-0.039401248290899867,-0.007474475202815346,0.0032419151068943082,-0.01172034303348659,-0.009052824492124313,-0.02921613221525518
0.0001273979354317864,-0.034607567831553165,-0.005460553907269102,0.0031136835934620606,-0.010019483364075207,-0.00932258033930773,-0.024161798689263568
0.001731940587678884,-0.04303791516956676,-0.006240388176037467,-0.0006675056484686043,-0.01259866460584115,-0.010399427523858293,-0.03173400738132583
-0.016515212489236267,0.024244337834230804,-0.01682163113062693,-0.013022616084161625,-0.001199858600580077,-0.0067339930741603235,0.023329680733433607
-1.0740053202613034e-05,-0.03484171935322345,-0.005399721373559399,0.0036224139967691816,-0.010062286847135771,-0.009194900463408895,-0.02446219996383345
0.0005253467795271797,-0.0611613655100848,-0.026911872056591117,-0.04162620012222565,-0.011929800376773323,-0.020886607609480714,-0.03166013498191517
-0.0025733156300322547,0.07161887959817141,0.04941467620666493,0.03232247509168905,0.04943488142006702,0.004932249422265031,0.08073926596820859
0.00657607986086226,-0.03308627334511838,0.026312652215243922,0.026241297893614412,0.019255859556579435,0.023409955644606066,0.05298466139547074
-0.006993067492795835,-0.04742730450162811,-0.027725766371043903,-0.02251631751510338,-0.037751568480111714,-0.018968407811886842,-0.029913787262203194
0.0048440222703734215,-0.04307276005778207,-0.038618079719977376,-0.0390973004636363,-0.017226506114603024,-0.018778293873522436,-0.040771598523330364
0.001924554257769991,0.05994235727415414,0.019334476098339933,0.02251818678410564,0.02956525260487082,0.101935092264179,0.0211157251287467
0.0019522283667385914,-0.07228549733185607,0.002585828135025654,-0.008683552227702871,-0.0213472488871691,-0.025748175448982374,-0.028587306648580644
0.0026453572394260797,-0.03533893824289699,-0.0060794471229350736,0.002750604430633006,-0.01006873270879543,-0.007544604452069931,-0.02661046410061021
0.005870854140122773,-0.031603895321733015,0.00040603826379765695,0.004115171449098458,-0.0026697139891802965,-0.004887757998313704,-0.006694431732683192
-0.004893189148423414,0.029697174267680725,-0.0014719071782504833,-0.02852256224885631,0.004473457930764039,-0.030346682537333778,0.04013140480609777
-0.006985070226752708,0.04393903295045195,0.0004294314306575305,0.007663842931777449,-0.023309290421726025,-0.03763173545445524,0.0018561181124818996
0.0032939687056513754,-0.06341533532120891,-0.00042588110904959083,-0.008895867680734118,-0.026474616944209595,-0.005115584348869191,-0.03559007383292156
-0.00780882522230382,0.027461188932522963,-0.011196733049132572,-0.004886290920449499,-0.005543140626306592,-0.0391688303044089,0.030936062764530734
0.004487384028496016,-0.035523823238114455,-0.023432265968380044,-0.039249126911238164,-0.015456407418086677,-0.025596114451674243,-0.0355295330599966
0.0001786585461132649,-0.034577452391269387,-0.00537608838317018,0.00307117638281366,-0.009856771072173979,-0.009319445315239544,-0.024612350738611694
-0.004855352274802632,0.06658686837279085,0.043718822844210053,0.03516327000384066,0.05041748968267371,-0.0041603327389157,0.11465763192393938
0.004049562655124495,0.058229793618359414,0.016530095494478106,0.02895199249683095,0.0340793984855705,0.08089378314540481,0.038901861455862996
0.00024291992290632574,-0.03446244021106658,-0.003419017824007799,0.004671983767128643,-0.009069432878442033,-0.008144771181367198,-0.0230427714959948
-0.005433754322586141,0.02447053118092928,0.0027160288535615666,-0.02639412411379539,0.0048746978893511525,-0.028145805219315395,0.04148038217229163
-0.003929942872359992,0.06769764728575531,0.05061127799848354,0.0383808437088959,0.04625740768454179,-0.006402715922447133,0.10886352677068545
4.950233570041848e-05,-0.03398338474089426,-0.004928436029641797,0.0040693467340125146,-0.00937973353090377,-0.008756648647325574,-0.022528787288020505
-0.00021752588451084327,-0.03523247759060543,-0.005709077526446572,0.0030254979874034436,-0.009455861734894579,-0.009015419490263,-0.024276356436865147
-1.0743607656280485e-05,-0.03475500267640296,-0.005400135107385656,0.00394568383356734,-0.01006172533623021,-0.009646416211700882,-0.02450717383230639
-0.003413563966823719,0.12055973980977039,0.0363854174803039,0.011808113846106206,0.03924290476738443,0.0002056945809950895,0.06596997101703993
0.0008475396365221303,-0.033231237449913076,-0.0032669377050198083,0.005251486994160383,-0.008159482370442351,-0.006507792807842273,-0.024319864043210824
0.0025795862082737733,-0.07228752226363548,-3.501439798055668e-05,-0.009310907284091927,-0.023013071045675557,-0.02011603368577994,-0.02711456655126927
0.0012081918841817508,-0.021604474045852567,0.031290316449716776,0.022321093576327753,0.025504853526091945,0.04099034600758565,0.03414177655699234
-0.006888513507392734,0.03554144632253127,-0.002236767332819092,-0.02921825810674619,-0.00459113013573326,-0.0291761297760782,0.034212674047145036
0.0003706640131651159,-0.034536915884483675,-0.005522242027273544,0.0036109461523874927,-0.010699655214812299,-0.009357780433270277,-0.02420528432714247
0.0027702008028265765,-0.036488049728070335,-0.01726865083232216,-0.03492886206758229,-0.015952381276442672,-0.025367891418092925,-0.03368503282342108
0.0017209176046937976,-0.04274409250750082,-0.009372293729134711,-0.03142584865738829,-0.01344631504513372,-0.018006795056026134,-0.041863260756906925
0.00027380895310998894,-0.03582678887698111,-0.004498321604352458,0.003721897629345837,-0.009981309914886972,-0.009384557515084943,-0.02438697709353288
0.0032142978875678552,-0.034242541053272915,-0.00400476172610361,0.0035851880402765837,-0.008465679753766374,-0.0071501966188379,-0.025380174924577753
-0.0049905952502918936,0.07284742231310325,0.04914144402584784,0.03192145884209853,0.047573325788015416,0.00259240641685408,0.09168863823655905
0.0007717697173011848,-0.03530705570601181,-0.005233618995689258,0.0035099819210920136,-0.010664548316146947,-0.007544435674398967,-0.02576798451751088
-0.004444731086132603,0.051528097091817826,0.05294841603975776,0.03989175173923401,0.0540528763061471,0.008146642720522103,0.09142015388123095
0.004527675294603618,0.08020941780530835,0.023725296021512104,0.028227212535611942,0.025958784357055408,0.08808470403529768,0.019739951814371135
0.015690079524595533,0.1082385978599356,0.03169230399219722,0.010603705171722782,0.03604429120481015,-0.0017813566643678602,0.07156350165533797
-0.00883434358490881,0.024336975467981924,-0.004276595064122719,-0.016230418769031134,0.0034666902042873927,-0.02184215290881295,0.03364051248904181
-0.0056447311914299084,0.053136596879473086,0.04816947419588835,0.045123995189656485,0.04657943996924757,-0.00024603673505958675,0.09789532494849991
0.000574055737284294,0.046926640155599865,0.009113197820719465,-0.011172914771543838,-0.010592404758132955,-0.027301601814345967,-0.013312490186369983
0.005689559323360722,0.05428591778418837,0.04653932564709802,0.03450153772384126,0.050865202829154105,0.0030488392665491974,0.09900206439527541
-0.009923257927875236,0.029995740894371264,-0.0032821677583537434,0.003361056176210805,-0.015853415931649288,-0.051127789482311066,0.033763163769212665
0.0032939687056513754,-0.06341533532120891,-0.00042588110904959083,-0.008895867680734118,-0.026474616944209595,-0.005115584348869191,-0.03559007383292156
0.004854699035066583,0.08793334665697361,0.025070494212403267,0.056973919204027536,0.030687149468449307,0.08860738185912971,0.003954107378029493
0.001057519604864852,0.023329506815863623,0.022390142680037424,0.022458483469422648,0.0374477352284489,0.11305205417912836,0.028315766397639133
-0.004097760696391005,0.05217967777264321,0.038836784854822094,0.02737532090941813,0.05194305579977154,0.023476210928774346,0.10994625447904237
-0.005114563422055269,0.029059123711460664,-0.0007879287184258563,-0.02741568723519435,0.004285812243929386,-0.029967355604312337,0.03848095353474229
0.0010403137910781131,0.058578276040536295,0.018254040110110864,0.02132516962632943,0.031695065271791854,0.09938764590417944,0.02557359351820316
-0.007661961105073594,0.021480115870526697,0.01192926753799552,0.01175649766634043,-0.02567020432890193,-0.035994720412379375,0.0033205230878174145
-0.008208025189349828,0.036728249620175776,0.008946756228227555,-0.019739051847771586,-0.010460477708912726,-0.030852896102775095,0.0329577085035252
0.0006971261263513143,-0.03551896484225348,-0.005693850491198822,0.0028706983851495404,-0.010017436475085118,-0.007210029064622442,-0.025228529974587535
-0.008509392231949174,0.027593161874019653,-0.0104258279827721,-0.0038395504967512007,-0.007047216697463191,-0.039619885367494126,0.030179822053847304
0.007069363380834374,-0.032971840394563585,0.034636634778799955,0.03171307156998438,0.02241206290349194,0.04828897209633121,0.018094700338692992
0.0027438012054053092,-0.034788746384761725,-0.02590728665477449,-0.04219632483110047,-0.015344193881068323,-0.024235408842744183,-0.034142917756629684
0.0026101674315374807,-0.033751145428615514,-0.03097015549349568,-0.049750095969763236,-0.0144180164249171,-0.022237141700199893,-0.03375131940905027
0.0030062636044780253,0.06665160809532106,0.017819555196164794,0.02436872214268122,0.032970988407531945,0.10866396537069542,0.00246606623848599
0.000885291796359648,-0.03084457591085971,-0.003366984051147672,0.004872611380789839,-0.008278138165717245,-0.007411247207897409,-0.025382860699272036
0.0011968838051418138,-0.033672026540511456,-0.0034065005047936043,0.0058277535118060305,-0.00901096876576399,-0.006404918642803701,-0.024228105529176536
0.0026146634297726434,-0.03679622414377555,-0.025968228059810135,-0.04233131851101346,-0.015608455058860915,-0.025509561276621358,-0.034460089613094234
0.007589171184044198,-0.02594317615517066,0.03337807453211857,0.023695509503016087,0.025140662953144766,0.046179716216528874,0.02263024757306346
0.0007931274984177569,-0.035293766089357484,-0.005173334999037056,0.0033990763671174007,-0.010884948864845779,-0.007582321643596573,-0.025878903799623727
-0.0009416400082990782,-0.035233823405465776,-0.0028890831258070416,0.002637523539689799,-0.009364300480276519,-0.010596600359213402,-0.024079409376229946
-0.008344602901064133,-0.056868178478340504,0.009762104473208954,0.014600542858968375,-0.008364544621630951,-0.003878936504061476,-0.0425927230986804
0.0026697653744264162,-0.07190348037288627,5.852469266872666e-05,-0.009195581522516691,-0.02281912359409475,-0.019969745593029234,-0.026939991973267168
0.004122939682546146,0.06299527916490028,0.04594123545552729,0.03163305059645319,0.05129085754140817,-0.0046020897685781275,0.1104084318809859
0.006861293165333752,-0.03383093381929729,0.021939928014392766,0.012591592611084852,0.019579524742749526,0.022947993635560767,0.05127587045739551
0.004883229094495176,-0.051212238520519496,-0.03964561170893911,-0.04008419533519905,-0.002138903095022571,-0.01290655904532771,-0.051491455925384316
0.00017890408869566943,-0.034566219437866134,-0.005408459327144388,0.003113506636784996,-0.00988074488441967,-0.009308605243786894,-0.024631657187069275
0.001995597049865808,-0.03968480834748342,-0.007347231811471539,0.0034173553223182467,-0.012019257754275758,-0.00924706353164894,-0.028535877349418464
0.005174147600866228,-0.024520583322322383,0.0007221137149429395,0.0020727896263614395,0.0017541411115791557,-0.006685724554872229,-0.01397761564087301
0.0020000787245867363,-0.03968715795021256,-0.007408417209950061,0.003166224941059735,-0.011493636767210005,-0.009056129112581225,-0.029290123276744795
-0.005359722987295882,0.025915784979075006,0.001133750552874176,-0.0279388195065722,0.003732165932173004,-0.030745264404489592,0.04044489433530207
0.000559948602395997,-0.032411221619751525,-0.003950443117947148,0.003912561818912169,-0.007449204969282703,-0.008262941792513717,-0.022264070855576575
-2.3041661620332283e-05,-0.03559329001321423,-0.004209415840809345,0.003834848033391111,-0.009983831622374323,-0.009662237774618892,-0.024711794517047626
0.0008931127384722134,-0.03638495102193544,-0.006051029287004163,0.0031684563715828574,-0.013019186871814125,-0.010573139844832205,-0.025636499622612895
0.0030472850164412965,-0.037480977003978115,-0.016394153076464354,-0.036674769409609884,-0.016523965627045636,-0.02828676130871921,-0.03436924201611904
0.01675367783762423,0.19669883463728455,0.02508945110121441,-1.1172612036842496e-05,0.01896369153458929,-0.007151358415838843,0.001763452335987273
7.781049335305901e-05,-0.03410759347342949,-0.003862795026505836,0.0044373403336738625,-0.009037441260729574,-0.008139200744450613,-0.02278437035387706
0.0006932939738652116,-0.03509852941266786,-0.00522527246497051,0.0029578527378646114,-0.010473845858135336,-0.007664920075256743,-0.025490592609634086
0.002610214099970705,-0.07252502157386838,0.00884970855399625,-0.004281005858125301,-0.024925532682466642,0.0022872283439616453,-0.03765714610255559
0.005179339789736271,-0.024524314125579434,0.0007061461750202833,0.00206500347090776,0.0017052307509215674,-0.006702149912611487,-0.014051151678935114
0.007243275861309124,0.07000803290169814,0.01896244948408745,0.020209285129310885,0.026883224919649184,0.09069022460521363,0.0256197388987532
0.003943256298904829,-0.018048629193982955,0.029284824082365407,0.02380747804396768,0.012291212337681956,0.03363912650540528,0.03777107535606563
-0.0056447311914299084,0.053136596879473086,0.04816947419588835,0.045123995189656485,0.04657943996924757,-0.00024603673505958675,0.09789532494849991
-0.00941379018965583,-0.059955228275840634,0.011202212699072952,0.013049647297152966,-0.009557901322540285,-0.0018197276133859578,-0.04518171460221947
0.011764043977405592,-0.008717022420983754,0.02512316931498062,0.035235472582101565,0.0388357192645956,0.06563222250644918,0.07743345189621936
0.0074755712998955245,0.050129700124449575,0.0017404805593168675,-0.02257832878038798,-0.02352557510519877,-0.03034749405757674,-0.017660863692643622
0.006503527714895058,-0.08694071457768315,0.006219664887596955,-0.012956224034883489,-0.03270516733948544,0.005945518334212674,-0.01850177139232752
0.00396853715362907,0.05701734421927832,0.018379226821614844,0.02830383549153621,0.03352282349858902,0.08156213353884059,0.03833327846711737
-0.005433754322586141,0.02447053118092928,0.0027160288535615666,-0.02639412411379539,0.0048746978893511525,-0.028145805219315395,0.04148038217229163
4.812875170278902e-05,-0.0353879909765987,-0.0060074648441217635,0.0030805518605331907,-0.009193265831361546,-0.008874788184632542,-0.023834185054534895
-0.008344048181638579,-0.056869701669463965,0.009751000424827601,0.014568637134992733,-0.008371227781910266,-0.0038815459882034203,-0.0425920591122832
-0.0034354251437207065,0.0632170383620892,0.05096022318046871,0.03996237083279575,0.04841617385650445,0.0006462230503253327,0.10200581245511513
-0.00903972361707298,0.031227920367952175,0.0014876966342718605,-0.023865081604589305,0.0026365662738080573,-0.025104502752258704,0.031933100909597424
-0.01205624523411781,0.030359713758170745,-0.010507869077187334,-0.03288896840974652,0.0025634265432725747,-0.012871240083200827,0.03389214057629003
4.950233570041848e-05,-0.03398338474089426,-0.004928436029641797,0.0040693467340125146,-0.00937973353090377,-0.008756648647325574,-0.022528787288020505
-0.006258196650039058,0.03476578464534667,0.0019059439969872061,-0.026621508963272696,0.00024928624646144233,-0.02445315945421918,0.03094592461894626
0.001255958387660857,-0.03150877993476384,0.033875443806437325,0.03181941861579515,0.022878451299462827,0.04678748064828086,0.020508628652131586
0.0026440258259521144,-0.03493050200082191,-0.005568692491271699,0.0026811898952998916,-0.010583088067702766,-0.007947703191237719,-0.026801776318302648
2.6702470595527125e-05,-0.02538742600864608,0.03136778374919027,0.02537710671000576,0.019747697654755654,0.0415567245733955,0.02973287654613093
0.001998975290593325,-0.039685578419189606,-0.0074092117833766446,0.003163295501354915,-0.01149460725759392,-0.009060048708084792,-0.02929311378637492
0.00260037289786525,-0.07164295086514594,-0.0004165139357756219,-0.008652650770949124,-0.023016295445874652,-0.019875157061527312,-0.026786329892672555
-0.0003936436489209385,-0.0375853691165777,-0.006739103033862698,0.0034951978820864657,-0.01062538565982361,-0.010554855072129735,-0.025764940741458558
0.0006982309462434575,0.02298341613003711,0.022743881940305865,0.022237226588828388,0.03742688901768245,0.11307959707564293,0.028437653331588413
-0.0030426765612064826,0.07297730119687547,0.06206702522781422,0.051325518800532974,0.04342367425232767,-0.005509927988343196,0.05423277819774967
-0.005210737531574797,0.03594073207440255,0.006308618238157847,-0.021570590665818068,-0.007563672188922854,-0.0317818789464204,0.033187287660561886
0.00044622551487357223,-0.0596170386983155,-0.028171073861642585,-0.04110603461314661,-0.012004458779118748,-0.0204012114119938,-0.03145063241541054
0.002570498812501809,-0.03508933923763063,-0.005828922866924599,0.0031642158072692286,-0.010305648213668679,-0.007396079469057588,-0.027321988367191616
0.0029942538734527946,-0.03314417292020441,-0.003870786484944697,0.004814574977315658,-0.008060734807852762,-0.006868592923532628,-0.02542975489686299
0.0026393959965158977,-0.03544923856493736,-0.006083930752501926,0.002769890708639401,-0.010094301943198217,-0.007571416233913834,-0.02653304461994613
0.000858193801891728,-0.033262003219125064,-0.0033364060693045717,0.0056208275176539355,-0.008129080431074256,-0.006505560642624766,-0.02430546314941325
0.00010158007345583903,-0.034814473226678244,-0.005459194308053529,0.003252244778980698,-0.009869727861327619,-0.009361767043243244,-0.024145561736185078
0.005003841805497754,-0.06918432545027742,0.012271607852840937,-0.011753770626602534,-0.01665672987301572,-0.014408851528061149,-0.030653133695598068
0.0050415854693043735,0.05526542891314824,0.05939770079641664,0.05164001144664291,0.042161905835146236,-0.0076492884754292235,0.0964372370221663
0.00260037289786525,-0.07164295086514594,-0.0004165139357756219,-0.008652650770949124,-0.023016295445874652,-0.019875157061527312,-0.026786329892672555
0.004319738762818695,0.0590484663420943,0.047531600876782175,0.032090426374235335,0.051961435201921244,-0.004995509904728166,0.1116135117243793
0.002523785481578321,-0.06831594508826867,0.007376120234859498,-0.005682631962182739,-0.025147378945948307,0.0005436390443096465,-0.03663896296054464
-0.0003877965897519963,-0.037401825202296346,-0.006754505743451355,0.0038498154979188784,-0.010665403170074163,-0.010832244704550813,-0.02586173226957197
0.0002734473357210799,-0.03446414796860624,-0.0053044556229754364,0.0035006473164152425,-0.010512307897992092,-0.00924666017976893,-0.02481609321041704
0.0015483388749395319,-0.05983858667169641,-0.006896754729300124,-0.03024160649992399,-0.014094061811155887,-0.023698613915602386,-0.02611745172487981
0.006149899853721742,-0.03461308422745557,0.025707558153097186,0.02657805828350147,0.0194033251072407,0.025150869106644744,0.05180953023006572
0.004410000001042879,0.057409792871630665,0.015682779724549643,0.02178697498693197,0.03311729100373558,0.08352770311268912,0.03952934571644354
-0.0038677200454757953,0.009703862185997147,-0.04024837467654054,-0.050389905498877355,-0.02378884960907519,-0.030983166290351794,-0.04778362769906158
0.0024294596991509985,-0.07035647141381492,0.007425137020107068,-0.001986798804631243,-0.025142475108573523,-0.0020079246853989294,-0.03571039951727442
0.0016182415265324874,-0.05948874662647827,-0.013215005218726796,-0.027296694226725964,-0.01391319777563945,-0.023281062597798354,-0.027042039914438983
0.005245124985125308,-0.06816819606307853,0.006444997715290363,-0.015785225581951615,-0.01976945787101419,-0.008245038323097427,-0.032960837148478646
0.01675367783762423,0.19669883463728455,0.02508945110121441,-1.1172612036842496e-05,0.01896369153458929,-0.007151358415838843,0.001763452335987273
0.0034661967904159566,-0.061911770173582584,-0.000585859452568486,-0.013228919933772213,-0.026649413601059317,-0.0026187083459808494,-0.03518793193576347
0.00261400691613429,-0.03719599021477671,-0.023633174744672206,-0.0415850863308305,-0.010525462720475927,-0.024244822064804158,-0.03752009459549266
0.002019491534044593,-0.03940102606844661,-0.0074740938855334185,0.003234724607840497,-0.011834584409224913,-0.008941284898560248,-0.028622937943792802
0.005076627886534099,-0.026075728616343035,0.0006172584756399749,0.0021867546317796763,0.0019980338254608943,-0.005358791052577196,-0.014516178833656954
-0.0010185106031804273,-0.035581342169926644,-0.0026952817163801513,0.0027681754168326716,-0.009635798740863701,-0.010701707253949814,-0.02429579917558963
-0.004547102461131776,0.03149441311745744,-0.00030384704107693525,-0.02872541975822568,0.0010892357888200224,-0.02596275794444007,0.03623458630308401
0.006503197724569605,-0.0330046956909243,0.025543198158993967,0.026318316625834056,0.019128917273709776,0.02470051440892501,0.052840896432068685
0.0025865197595093836,-0.036697068516545285,-0.004592207790116243,0.0020835882947680797,-0.009423931953484517,-0.008018609071249138,-0.02616947570228171
-0.006907743857740826,0.0434632835319509,0.000646312135094889,0.008548197320958458,-0.022458026434320454,-0.03813724341676189,0.0018077625178591881
0.00626358525610499,-0.06496647387309851,-0.015019187467300946,-0.027301286657783558,-0.009593134789623422,-0.017827076887718632,-0.03153847257175585
-0.000388280377798403,-0.03749006761389836,-0.006752312731515874,0.003526680380768591,-0.010667985362172753,-0.010380728956258828,-0.025817724501603984
0.0012736785940312303,-0.05680907465309316,-0.026252432667809793,-0.041110429901334664,-0.012800342950333077,-0.018564396515807536,-0.027669079481875067
0.004663782310411103,-0.0528929231576282,-0.03921982722328015,-0.04196780201315984,-0.0029288153502008466,-0.0050731054180461616,-0.05431320128912349
0.004969820009800156,0.06627819181574898,0.04490669960029629,0.03077458275916453,0.05093121721792095,-0.004856997602658784,0.10926315897164739
-0.005832114243464907,0.036157455354903334,0.0039001884924677013,-0.021458107610916217,-0.006491658412993822,-0.03172096144655943,0.03398172910900301
0.002721677865137191,-0.03877446894387532,-0.01550038496057335,-0.030266191947684817,-0.014612694289647529,-0.017437088436578152,-0.043621228608921994
0.0015911390548511806,0.02334183553133389,0.022663524308738074,0.021920911945684258,0.03813390176654757,0.11301432206919057,0.028520751949521472
0.0005644830321549874,-0.0338552173052962,-0.00320882934549001,0.003986192431595003,-0.00784753618369094,-0.0075160662766667,-0.02338593632617689
0.0026987265921697957,-0.03510694870500273,-0.005768044882123608,0.002708229860589095,-0.010965367780422116,-0.007384403110050437,-0.026877532320608934
-0.00832843057203035,0.036060422163529,-0.005031578834372999,-0.03449491075603187,-0.003243096974687761,-0.019218072084103394,0.035777968824946126
0.00281722106861636,-0.03424681064380747,-0.02572935857921058,-0.0419260318221697,-0.015413736854958664,-0.02387038062002739,-0.03435933111878483
-0.006242907293994568,0.03674171848384856,-0.0035529398230256777,-0.026455464751250816,0.0002215732091548477,-0.022630302553475912,0.031181458046362798
0.005522080954082842,-0.04374154919228876,-0.04156377309081967,-0.043193689070658674,-0.006245850846831772,-0.018713425180265576,-0.04330218645094335
-0.008315263704157434,-0.056945011604854004,0.009733902277204073,0.014528533104368972,-0.00839745086835301,-0.0038926342681091506,-0.042617714395335474
0.013194430643010392,0.020960267386352503,0.021167431049706874,0.021329832428086788,0.024606671474616114,0.07186620219167027,0.07859239835067743
0.006134460561518936,0.05507756665927992,0.04580776316758874,0.03274911683852325,0.0516440837897084,0.003669612537328822,0.09941571345593044
2.49735369079571e-05,-0.03481273443451665,-0.005325139022388109,0.0035049659421701905,-0.009921383344956675,-0.009185498522699904,-0.024785079895551388
0.00080914128320006,0.049557361531134415,0.007562121687638647,-0.010279630212003659,-0.011330452032030534,-0.028239447771687288,-0.013600015342078716
0.001993598177919544,-0.0639625932667374,0.0006619900646035937,-0.008472463339029141,-0.022385206405903715,-0.02098185473311645,-0.03592993547580136
0.023568690502479117,0.06736493475788949,0.03072551237300125,0.03030347552106889,0.01582509577513712,-0.012058278370079216,0.10110215173238665
-0.009123586936624514,0.024672437930504217,-0.0025265894206783334,-0.0155077022888536,-0.0007503622113231311,-0.023057214651498112,0.03548673881737751
0.0041760201138267726,-0.03836137198767981,-0.021114589488672373,-0.041373850104159234,-0.01388289354198131,-0.019626752849906313,-0.040364796533738645
0.0009794094107316675,-0.03540533859450631,-0.004508547917585364,0.0036220405251147715,-0.010730076015315877,-0.010015104760905107,-0.024809917286319334
-0.005816338228359058,0.030798683459900555,-0.004100844288901675,-0.03218787293538429,-0.005712397433817903,-0.028845686435193602,0.03470779451049444
0.0007921696799703396,-0.028366901041529,0.03152420082153952,0.029776969887461757,0.022974984957284207,0.04259028755645544,0.030501919419477753
0.0011380300490842362,-0.05835023857380138,-0.027173128544354486,-0.04181370498370191,-0.01239933552077032,-0.018840712362714975,-0.02741153822946548
0.003365303377636949,-0.06331958748355714,2.50788506755876e-05,-0.011530758198906988,-0.026449691421458827,-0.003289383465958855,-0.03565475914984281
0.0033678426173247046,-0.06258016361395885,6.47481918943001e-05,-0.010376253894608129,-0.026959234242698905,-0.003735417138112058,-0.036543656116213456
0.0111204012863986,0.08736102145664519,0.06465533296444338,0.05098423972870344,0.08303690114220176,0.37425238980562,0.13600053607120471
0.004202411315902845,-0.037964218673500694,-0.01654004047379464,-0.039124946290336075,-0.013712619963112625,-0.020149691983591803,-0.04003885228075696
0.0029814502274191335,-0.03214087970416105,-0.003779995488816236,0.004449937631220404,-0.008011438468210962,-0.00718265100643625,-0.025439577241666192
-0.021306543646561718,-0.04646705142181774,-0.002059883357804266,-0.01940028034347659,-0.0025888904422633158,-0.014503404723159743,-0.027292236976751143
0.0029927043736181144,-0.03320562302282566,-0.0037521974177289574,0.005131255506277005,-0.008064886412690294,-0.006854164308894983,-0.025406571023959455
0.0021796081755425713,-0.038472231365061824,-0.007340796289236931,0.003235576528846514,-0.011111645274287185,-0.008796187625786454,-0.02797702911138463
-0.0013378344122037028,-0.03479854752876514,-0.006157920775798741,0.002777697441636688,-0.010516264731607213,-0.009976444641476321,-0.02520092759534618
0.015599955723797097,0.17580141921431075,0.015931622589041298,-0.006480093598269652,0.022383776005778722,0.004700823868945453,0.05089053297031243
-0.005010512742433745,0.07532156076526576,0.04903619655498735,0.037538476659050725,0.04693861902427012,0.002633931601588036,0.09069482448527051
0.002693809862786805,-0.036174359017085544,-0.005125952590579963,0.0027546100650881157,-0.010203810107315352,-0.007444267858660474,-0.026929591807455862
0.00020872003104218618,-0.034866328421530264,-0.0053966369910890735,0.003372130626978702,-0.010009375034267493,-0.009314808346560854,-0.024182196111023593
-0.0042583041913449955,0.05827370989970364,0.003690695362281163,-0.018160584950854864,0.003753382715625959,-0.02488039722761875,-0.008661201093899768
-0.00039240989527541373,-0.03758993399929862,-0.00667477281516198,0.0034885986488258896,-0.01046564701181058,-0.010539245842073615,-0.02571937418257768
-0.005841835233892975,0.033028375063732386,0.0006397375698005292,-0.027797025706736846,0.00349314330084683,-0.027943777847052886,0.033909852653068756
0.0004463887910414629,-0.03704843667462462,-0.003883370063447925,0.0025416868609799987,-0.008988288864883592,-0.00777242111296393,-0.025886309313150037
-0.008189525823479768,0.03803799887157545,0.007023086993866589,-0.020308771328767756,-0.008725423946716554,-0.03221456051256109,0.0334257343137809
-0.009283159479587934,-0.06883202226303459,0.017191693217933905,0.01555885336861821,-0.009840913771212696,-0.004811367621955937,-0.05033791239548523
0.004386322703835277,-0.03225020783845968,-0.0023299237559861775,-0.0018513793905471667,0.0018753283129384147,0.004461424867795005,-0.012737603199823885
-0.00772485175456487,0.004398578636326734,-0.008707219907673222,-0.005860047942624853,-0.005641675445584503,-0.03781536253934503,0.033920526008687404
0.004804342411071652,-0.04414181482490036,-0.039124333353880505,-0.03841462878275266,-0.017266749630677595,-0.017826921420063074,-0.04080713872020591
0.002705205694843664,-0.03511429340586305,-0.005618121486836175,0.002943180274722482,-0.010430183235500056,-0.00792959631678765,-0.026662593712382093
-0.011991875923891497,0.031241279487931487,-0.010322771400546372,-0.033045329744166387,-0.0016418967687374894,-0.016183422401144388,0.03676670053690407
0.0007789686412565008,-0.03524242713062161,-0.005170678017302471,0.00342786024685612,-0.010711414518263539,-0.007490245145881177,-0.026168441311025747
0.0033402929872131293,-0.056745407391178934,-0.0076118409153890796,-0.019487521701237187,-0.021918841603827104,-0.024110904994568954,-0.028769827707079088
-0.007590894356240026,0.010174036731862133,0.011670976330509081,-0.004844783278489964,-0.0065349983435344676,-0.018788204270238935,0.03265965012752409
0.0027163054062289646,-0.03504520258869488,-0.005731871276794899,0.0027237547106577064,-0.010889439847725895,-0.0074154065458398545,-0.026754369349136307
-0.002900709160386538,-0.07201206574417161,0.009689419139371177,-0.010361014487813331,-0.015840169688847168,-0.011084518917525099,-0.017965423153680566
0.013315705254158448,-0.01658926241173658,0.03446584773276304,0.04014192243148105,0.04108094736286273,0.062330205798202455,0.08272135932760773
0.008094898793641761,0.06209575205033857,0.01898801883867391,0.026691222069708732,0.03070111395974716,0.09389333847508721,0.0243962536627596
-0.001051034363718977,-0.03910129689766621,-0.007337218249694284,0.0030469735068449607,-0.011046760063560148,-0.010273040172466937,-0.025951684370576326
-0.002077649478031675,-0.06924267216738894,0.005729711846693966,-0.0065312640884121744,-0.016059478751347663,-0.024612273877619707,-0.02550129753694451
0.0027619285724096512,-0.002554534078516859,0.02832213505986956,0.02838156375739234,0.03843694901644931,0.11390899868759577,0.02932504051055873
0.004786248441125508,-0.043145921798689986,-0.03883772673538806,-0.03929478940244148,-0.017205349135050143,-0.018657201326295537,-0.04071018598527878
0.0026928677155835753,-0.03563691862332455,-0.005597420475572027,0.002328324393651064,-0.009212316383144325,-0.007933322491003172,-0.02640181549617313
0.0011380300490842362,-0.05835023857380138,-0.027173128544354486,-0.04181370498370191,-0.01239933552077032,-0.018840712362714975,-0.02741153822946548
0.0010099874685063944,-0.0347097623516537,-0.0039779772525941,0.00431070397506822,-0.009038701233715273,-0.006801013887608688,-0.024181718093464165
0.007286525480875497,0.05823222445542491,0.01764589016699465,0.02076027535678855,0.031169639517273168,0.09672196076564928,0.025567591378027346
0.004503944849284802,-0.02711638175498664,0.00014880640694206097,0.0009329324691654662,0.0027723558485142712,-0.0015800702022169709,-0.015397341779005948
0.005564630970861585,-0.025740555094313267,0.02991506535374289,0.029805793717552386,0.01970150634047496,0.04208798733066082,0.02760483699178104
0.00782330334204605,0.054187071951347796,0.015220119397471369,0.021833570213306723,0.02094593432996456,0.0628630869647746,0.07358593897475321
0.0044885123119133095,-0.03557321126403779,-0.02365928772045374,-0.03927701683289068,-0.015454405453333969,-0.025451468398272916,-0.03553089869689895
0.00041163661377604437,-0.037113191216916426,-0.003789619877890392,0.002445988632056673,-0.008993974206015084,-0.007841940614996283,-0.025720941521976595
-0.006912974202266247,0.0031996703414061884,0.0043029102233511935,0.011354980532956284,-0.02766728234882119,-0.01565838587425215,0.003091355595052507
-0.005878486892839886,0.033868756357105324,-0.0039027701883743073,-0.02606025769335664,-0.004214493418302098,-0.028249581033935735,0.03425551766815305
0.0024765439351352135,-0.03790223453411342,-0.003863192937875936,0.0030103948812049805,-0.010067975843177052,-0.005700243685162269,-0.027913605209468614
-0.002798708198285913,0.05321654730545852,0.01117759849401221,-0.014926518358213892,-0.007389926145538815,-0.022930406116451908,-0.014630083624908778
-0.00949139498974457,0.03463145917330658,-0.007329484185857459,-0.03452664831403363,-0.0056518972601944184,-0.015070993715377868,0.035959356316060447
0.002019491534044593,-0.039401764616698656,-0.0074740938855334185,0.003242985086253372,-0.011699122254026277,-0.009052675459031084,-0.02921617220818886
0.0008931127384722134,-0.03638495102193544,-0.006051029287004163,0.0031684563715828574,-0.013019186871814125,-0.010573139844832205,-0.025636499622612895
-0.0006555420445556234,-0.038791093650619834,-0.00701252309366484,0.0034475621686563466,-0.011622880859144135,-0.010721626897823017,-0.026530434246748325
0.006715037639798212,-0.03274848456576083,0.034487895150890284,0.03162270418134287,0.022456002569400352,0.04825856066784066,0.0178596522792756
0.0027438012054053092,-0.034788746384761725,-0.02590728665477449,-0.04219632483110047,-0.015344193881068323,-0.024235408842744183,-0.034142917756629684
0.015761960079460534,0.04041665596682056,0.054319947367241155,0.04092515309443529,0.0559912093588183,0.001477875449277126,0.08418262262781295
-0.008016594859200973,0.004186940028142245,-0.009158588583620406,-0.006087303604627417,-0.002822126738933872,-0.03621236790307386,0.03329819656021671
0.00010750662163481811,-0.035359775685396146,-0.005726534770538691,0.002872915723819122,-0.009456334781057535,-0.008817677113749067,-0.024150280806996702
-0.0072285245948364675,-0.0435017818043324,-0.026857175266969294,-0.02094216637192035,-0.04015877223358275,-0.024772972519138122,-0.02930515715232526
-0.0053251180158858415,0.03636039402460975,-0.0005390574047972034,-0.02489356353628261,-0.0002641310141073831,-0.02810792220713597,0.03153819249196023
0.0032939687056513754,-0.06341533532120891,-0.00042588110904959083,-0.008895867680734118,-0.026474616944209595,-0.005115584348869191,-0.03559007383292156
